{
  "weights": {
    "w_lstm": 0.4,
    "w_xgb": 0.6
  },
  "validation_samples": 19964,
  "sequence_shape_used": [
    19964,
    20,
    45
  ],
  "metrics": {
    "accuracy": 0.9978461230214386,
    "macro_precision": 0.9594257521479544,
    "macro_recall": 0.9139012518274544,
    "macro_f1": 0.9300500028100998,
    "confusion_matrix": [
      [
        39,
        3,
        0,
        0,
        0,
        0,
        0,
        0,
        0,
        3,
        0,
        0,
        0,
        0,
        0,
        0,
        0,
        0,
        0
      ],
      [
        1,
        532,
        0,
        0,
        0,
        0,
        0,
        0,
        0,
        0,
        0,
        0,
        0,
        0,
        0,
        0,
        0,
        0,
        0
      ],
      [
        0,
        0,
        478,
        0,
        0,
        0,
        0,
        0,
        0,
        0,
        0,
        0,
        0,
        0,
        0,
        0,
        0,
        0,
        0
      ],
      [
        0,
        0,
        0,
        78,
        0,
        0,
        0,
        0,
        0,
        0,
        0,
        0,
        0,
        0,
        0,
        0,
        0,
        0,
        0
      ],
      [
        0,
        0,
        0,
        0,
        34,
        0,
        0,
        0,
        0,
        0,
        0,
        0,
        0,
        0,
        0,
        0,
        0,
        0,
        0
      ],
      [
        0,
        0,
        0,
        0,
        0,
        125,
        0,
        0,
        0,
        0,
        0,
        0,
        0,
        0,
        0,
        0,
        0,
        0,
        0
      ],
      [
        2,
        1,
        0,
        0,
        0,
        0,
        10,
        0,
        0,
        0,
        0,
        0,
        0,
        0,
        0,
        0,
        0,
        0,
        0
      ],
      [
        0,
        1,
        0,
        1,
        0,
        0,
        0,
        26,
        0,
        18,
        0,
        0,
        0,
        0,
        0,
        0,
        0,
        0,
        0
      ],
      [
        0,
        0,
        0,
        0,
        0,
        0,
        0,
        0,
        1,
        0,
        0,
        0,
        0,
        0,
        0,
        0,
        0,
        0,
        0
      ],
      [
        0,
        6,
        0,
        0,
        0,
        0,
        0,
        1,
        0,
        224,
        1,
        0,
        0,
        0,
        0,
        0,
        0,
        0,
        0
      ],
      [
        0,
        1,
        0,
        0,
        0,
        0,
        0,
        1,
        0,
        2,
        1,
        0,
        0,
        0,
        0,
        0,
        0,
        0,
        0
      ],
      [
        0,
        0,
        0,
        0,
        0,
        0,
        0,
        0,
        0,
        0,
        0,
        4296,
        0,
        0,
        0,
        0,
        0,
        0,
        0
      ],
      [
        0,
        0,
        0,
        0,
        0,
        0,
        0,
        0,
        0,
        0,
        0,
        0,
        2242,
        0,
        0,
        0,
        0,
        0,
        0
      ],
      [
        0,
        0,
        0,
        0,
        0,
        0,
        0,
        0,
        0,
        0,
        0,
        0,
        0,
        2240,
        0,
        0,
        0,
        0,
        0
      ],
      [
        0,
        0,
        0,
        0,
        0,
        0,
        0,
        0,
        0,
        0,
        0,
        0,
        0,
        0,
        4563,
        0,
        0,
        0,
        0
      ],
      [
        0,
        0,
        0,
        0,
        0,
        0,
        0,
        0,
        0,
        0,
        0,
        0,
        0,
        0,
        0,
        1151,
        0,
        0,
        0
      ],
      [
        0,
        0,
        0,
        0,
        0,
        0,
        0,
        0,
        0,
        0,
        0,
        0,
        0,
        0,
        0,
        0,
        1251,
        0,
        0
      ],
      [
        0,
        0,
        0,
        0,
        0,
        0,
        0,
        0,
        0,
        0,
        0,
        0,
        0,
        0,
        0,
        0,
        0,
        1049,
        0
      ],
      [
        0,
        0,
        0,
        0,
        0,
        0,
        0,
        0,
        0,
        0,
        0,
        0,
        0,
        0,
        1,
        0,
        0,
        0,
        1581
      ]
    ],
    "classification_report": {
      "0": {
        "precision": 0.9285714285714286,
        "recall": 0.8666666666666667,
        "f1-score": 0.896551724137931,
        "support": 45.0
      },
      "1": {
        "precision": 0.9779411764705882,
        "recall": 0.99812382739212,
        "f1-score": 0.9879294336118849,
        "support": 533.0
      },
      "2": {
        "precision": 1.0,
        "recall": 1.0,
        "f1-score": 1.0,
        "support": 478.0
      },
      "3": {
        "precision": 0.9873417721518988,
        "recall": 1.0,
        "f1-score": 0.9936305732484076,
        "support": 78.0
      },
      "4": {
        "precision": 1.0,
        "recall": 1.0,
        "f1-score": 1.0,
        "support": 34.0
      },
      "5": {
        "precision": 1.0,
        "recall": 1.0,
        "f1-score": 1.0,
        "support": 125.0
      },
      "6": {
        "precision": 1.0,
        "recall": 0.7692307692307693,
        "f1-score": 0.8695652173913043,
        "support": 13.0
      },
      "7": {
        "precision": 0.9285714285714286,
        "recall": 0.5652173913043478,
        "f1-score": 0.7027027027027027,
        "support": 46.0
      },
      "8": {
        "precision": 1.0,
        "recall": 1.0,
        "f1-score": 1.0,
        "support": 1.0
      },
      "9": {
        "precision": 0.9068825910931174,
        "recall": 0.9655172413793104,
        "f1-score": 0.9352818371607515,
        "support": 232.0
      },
      "10": {
        "precision": 0.5,
        "recall": 0.2,
        "f1-score": 0.2857142857142857,
        "support": 5.0
      },
      "11": {
        "precision": 1.0,
        "recall": 1.0,
        "f1-score": 1.0,
        "support": 4296.0
      },
      "12": {
        "precision": 1.0,
        "recall": 1.0,
        "f1-score": 1.0,
        "support": 2242.0
      },
      "13": {
        "precision": 1.0,
        "recall": 1.0,
        "f1-score": 1.0,
        "support": 2240.0
      },
      "14": {
        "precision": 0.9997808939526731,
        "recall": 1.0,
        "f1-score": 0.9998904349731565,
        "support": 4563.0
      },
      "15": {
        "precision": 1.0,
        "recall": 1.0,
        "f1-score": 1.0,
        "support": 1151.0
      },
      "16": {
        "precision": 1.0,
        "recall": 1.0,
        "f1-score": 1.0,
        "support": 1251.0
      },
      "17": {
        "precision": 1.0,
        "recall": 1.0,
        "f1-score": 1.0,
        "support": 1049.0
      },
      "18": {
        "precision": 1.0,
        "recall": 0.9993678887484198,
        "f1-score": 0.9996838444514701,
        "support": 1582.0
      },
      "accuracy": 0.9978461230214386,
      "macro avg": {
        "precision": 0.9594257521479544,
        "recall": 0.9139012518274544,
        "f1-score": 0.9300500028100998,
        "support": 19964.0
      },
      "weighted avg": {
        "precision": 0.9977786157847286,
        "recall": 0.9978461230214386,
        "f1-score": 0.997668649915835,
        "support": 19964.0
      }
    }
  },
  "artifacts": {
    "lstm_model": "C:/Users/kudzy/OneDrive/Desktop/healthcare-breach-risk/models/lstm_model.pt",
    "xgboost_model": "C:/Users/kudzy/OneDrive/Desktop/healthcare-breach-risk/models/xgboost_model.joblib",