model_name,accuracy,macro_precision,macro_recall,macro_f1
ensemble_lstm_xgboost,0.9978461230214386,0.9594257521479544,0.9139012518274544,0.9300500028100998
xgboost,0.99665,0.9203858269335313,0.8828342883086621,0.8950742665154554
random_forest,0.995125,0.9201900134391635,0.8710751333186766,0.8802119008069755
lstm,0.8050490883590463,0.681789213764709,0.6166750313876701,0.6130552974238069
logistic_regression,0.551275,0.503864093728618,0.6162465317582178,0.4626330159525644
